text,image_path,label
historical documentary archive interview public issue real people testimony social context education cinema slow paced review with real interviews,images/train_documentary_073.png,documentary
animation family adventure colorful magical hero animal kingdom fantasy playful journey friendship family review with colorful fantasy scenes,images/train_animation_054.png,animation
cartoon animation fantasy family magical adventure playful kingdom characters friendship color family review with colorful fantasy scenes but also hints of terrifying,images/train_animation_034.png,animation
horror dark fear nightmare haunted blood shadow scream sinister mystery suspense survival terror review with tense scenes and dark mood but also hints of cartoon,images/train_horror_037.png,horror
animated family colorful world children adventure hero music creature bright imagination family review with colorful fantasy scenes but also hints of psychological,images/train_animation_039.png,animation
witty comedy laugh prank friendship romance silly colorful good vibes amusing scenes fun review with bright scenes and jokes,images/train_comedy_052.png,comedy
psychological horror eerie threat haunted corridor blood suspense fear shadow monster silence review with tense scenes and dark mood,images/train_horror_028.png,horror
animation family adventure colorful magical hero animal kingdom fantasy playful journey friendship family review with colorful fantasy scenes but also hints of humor,images/train_animation_015.png,animation
documentary interview social history archive true story testimony director report society culture real footage slow paced review with real interviews but also hints of psychological,images/train_documentary_077.png,documentary
animation family adventure colorful magical hero animal kingdom fantasy playful journey friendship family review with colorful fantasy scenes but also hints of witty,images/train_animation_082.png,animation
documentary interview social history archive true story testimony director report society culture real footage slow paced review with real interviews,images/train_documentary_009.png,documentary
horror dark fear nightmare haunted blood shadow scream sinister mystery suspense survival terror review with tense scenes and dark mood,images/train_horror_041.png,horror
cartoon animation fantasy family magical adventure playful kingdom characters friendship color family review with colorful fantasy scenes but also hints of historical,images/train_animation_073.png,animation
horror dark fear nightmare haunted blood shadow scream sinister mystery suspense survival terror review with tense scenes and dark mood,images/train_horror_058.png,horror
documentary interview social history archive true story testimony director report society culture real footage slow paced review with real interviews,images/train_documentary_030.png,documentary
historical documentary archive interview public issue real people testimony social context education cinema slow paced review with real interviews,images/train_documentary_093.png,documentary
historical documentary archive interview public issue real people testimony social context education cinema slow paced review with real interviews,images/train_documentary_055.png,documentary
animated family colorful world children adventure hero music creature bright imagination family review with colorful fantasy scenes,images/train_animation_063.png,animation
historical documentary archive interview public issue real people testimony social context education cinema slow paced review with real interviews,images/train_documentary_033.png,documentary
humor comic family fun joke awkward situation bright energy smile entertaining crowd pleasing fun review with bright scenes and jokes,images/train_comedy_083.png,comedy
witty comedy laugh prank friendship romance silly colorful good vibes amusing scenes fun review with bright scenes and jokes,images/train_comedy_060.png,comedy
animated family colorful world children adventure hero music creature bright imagination family review with colorful fantasy scenes,images/train_animation_105.png,animation
nonfiction report documentary investigation narrator real events oral history social memory public archive slow paced review with real interviews,images/train_documentary_070.png,documentary
psychological horror eerie threat haunted corridor blood suspense fear shadow monster silence review with tense scenes and dark mood,images/train_horror_021.png,horror
nonfiction report documentary investigation narrator real events oral history social memory public archive slow paced review with real interviews,images/train_documentary_104.png,documentary
animated family colorful world children adventure hero music creature bright imagination family review with colorful fantasy scenes,images/train_animation_114.png,animation
horror dark fear nightmare haunted blood shadow scream sinister mystery suspense survival terror review with tense scenes and dark mood but also hints of nonfiction,images/train_horror_118.png,horror
horror dark fear nightmare haunted blood shadow scream sinister mystery suspense survival terror review with tense scenes and dark mood but also hints of witty,images/train_horror_081.png,horror
psychological horror eerie threat haunted corridor blood suspense fear shadow monster silence review with tense scenes and dark mood,images/train_horror_061.png,horror
nonfiction report documentary investigation narrator real events oral history social memory public archive slow paced review with real interviews,images/train_documentary_000.png,documentary
cartoon animation fantasy family magical adventure playful kingdom characters friendship color family review with colorful fantasy scenes,images/train_animation_031.png,animation
nonfiction report documentary investigation narrator real events oral history social memory public archive slow paced review with real interviews,images/train_documentary_011.png,documentary
animation family adventure colorful magical hero animal kingdom fantasy playful journey friendship family review with colorful fantasy scenes,images/train_animation_020.png,animation
animated family colorful world children adventure hero music creature bright imagination family review with colorful fantasy scenes,images/train_animation_070.png,animation
animated family colorful world children adventure hero music creature bright imagination family review with colorful fantasy scenes,images/train_animation_017.png,animation
nonfiction report documentary investigation narrator real events oral history social memory public archive slow paced review with real interviews,images/train_documentary_117.png,documentary
horror dark fear nightmare haunted blood shadow scream sinister mystery suspense survival terror review with tense scenes and dark mood,images/train_horror_062.png,horror
comedy funny absurd joke friendship awkward cheerful hilarious playful laugh romance lighthearted fun review with bright scenes and jokes,images/train_comedy_053.png,comedy
animated family colorful world children adventure hero music creature bright imagination family review with colorful fantasy scenes,images/train_animation_111.png,animation
documentary interview social history archive true story testimony director report society culture real footage slow paced review with real interviews,images/train_documentary_018.png,documentary
terrifying horror night creature cursed house scream panic dread violent red darkness review with tense scenes and dark mood,images/train_horror_092.png,horror
witty comedy laugh prank friendship romance silly colorful good vibes amusing scenes fun review with bright scenes and jokes,images/train_comedy_065.png,comedy
nonfiction report documentary investigation narrator real events oral history social memory public archive slow paced review with real interviews but also hints of psychological,images/train_documentary_090.png,documentary
witty comedy laugh prank friendship romance silly colorful good vibes amusing scenes fun review with bright scenes and jokes,images/train_comedy_100.png,comedy
documentary interview social history archive true story testimony director report society culture real footage slow paced review with real interviews but also hints of horror,images/train_documentary_039.png,documentary
psychological horror eerie threat haunted corridor blood suspense fear shadow monster silence review with tense scenes and dark mood,images/train_horror_083.png,horror
animated family colorful world children adventure hero music creature bright imagination family review with colorful fantasy scenes,images/train_animation_099.png,animation
nonfiction report documentary investigation narrator real events oral history social memory public archive slow paced review with real interviews,images/train_documentary_076.png,documentary
witty comedy laugh prank friendship romance silly colorful good vibes amusing scenes fun review with bright scenes and jokes,images/train_comedy_035.png,comedy
documentary interview social history archive true story testimony director report society culture real footage slow paced review with real interviews but also hints of horror,images/train_documentary_063.png,documentary
cartoon animation fantasy family magical adventure playful kingdom characters friendship color family review with colorful fantasy scenes,images/train_animation_030.png,animation
terrifying horror night creature cursed house scream panic dread violent red darkness review with tense scenes and dark mood but also hints of nonfiction,images/train_horror_100.png,horror
cartoon animation fantasy family magical adventure playful kingdom characters friendship color family review with colorful fantasy scenes,images/train_animation_055.png,animation
cartoon animation fantasy family magical adventure playful kingdom characters friendship color family review with colorful fantasy scenes,images/train_animation_074.png,animation
psychological horror eerie threat haunted corridor blood suspense fear shadow monster silence review with tense scenes and dark mood but also hints of comedy,images/train_horror_065.png,horror
horror dark fear nightmare haunted blood shadow scream sinister mystery suspense survival terror review with tense scenes and dark mood,images/train_horror_026.png,horror
historical documentary archive interview public issue real people testimony social context education cinema slow paced review with real interviews but also hints of comedy,images/train_documentary_082.png,documentary
nonfiction report documentary investigation narrator real events oral history social memory public archive slow paced review with real interviews,images/train_documentary_101.png,documentary
cartoon animation fantasy family magical adventure playful kingdom characters friendship color family review with colorful fantasy scenes,images/train_animation_117.png,animation
historical documentary archive interview public issue real people testimony social context education cinema slow paced review with real interviews,images/train_documentary_113.png,documentary
animation family adventure colorful magical hero animal kingdom fantasy playful journey friendship family review with colorful fantasy scenes,images/train_animation_103.png,animation
horror dark fear nightmare haunted blood shadow scream sinister mystery suspense survival terror review with tense scenes and dark mood but also hints of witty,images/train_horror_013.png,horror
nonfiction report documentary investigation narrator real events oral history social memory public archive slow paced review with real interviews,images/train_documentary_078.png,documentary
witty comedy laugh prank friendship romance silly colorful good vibes amusing scenes fun review with bright scenes and jokes,images/train_comedy_017.png,comedy
comedy funny absurd joke friendship awkward cheerful hilarious playful laugh romance lighthearted fun review with bright scenes and jokes,images/train_comedy_114.png,comedy
horror dark fear nightmare haunted blood shadow scream sinister mystery suspense survival terror review with tense scenes and dark mood but also hints of historical,images/train_horror_064.png,horror
horror dark fear nightmare haunted blood shadow scream sinister mystery suspense survival terror review with tense scenes and dark mood but also hints of animation,images/train_horror_082.png,horror
historical documentary archive interview public issue real people testimony social context education cinema slow paced review with real interviews but also hints of psychological,images/train_documentary_068.png,documentary
nonfiction report documentary investigation narrator real events oral history social memory public archive slow paced review with real interviews,images/train_documentary_072.png,documentary
humor comic family fun joke awkward situation bright energy smile entertaining crowd pleasing fun review with bright scenes and jokes,images/train_comedy_098.png,comedy
terrifying horror night creature cursed house scream panic dread violent red darkness review with tense scenes and dark mood,images/train_horror_070.png,horror
historical documentary archive interview public issue real people testimony social context education cinema slow paced review with real interviews,images/train_documentary_079.png,documentary
comedy funny absurd joke friendship awkward cheerful hilarious playful laugh romance lighthearted fun review with bright scenes and jokes but also hints of documentary,images/train_comedy_088.png,comedy
humor comic family fun joke awkward situation bright energy smile entertaining crowd pleasing fun review with bright scenes and jokes but also hints of documentary,images/train_comedy_028.png,comedy
witty comedy laugh prank friendship romance silly colorful good vibes amusing scenes fun review with bright scenes and jokes but also hints of animated,images/train_comedy_034.png,comedy
witty comedy laugh prank friendship romance silly colorful good vibes amusing scenes fun review with bright scenes and jokes,images/train_comedy_055.png,comedy
psychological horror eerie threat haunted corridor blood suspense fear shadow monster silence review with tense scenes and dark mood,images/train_horror_009.png,horror
animated family colorful world children adventure hero music creature bright imagination family review with colorful fantasy scenes,images/train_animation_115.png,animation
terrifying horror night creature cursed house scream panic dread violent red darkness review with tense scenes and dark mood,images/train_horror_094.png,horror
nonfiction report documentary investigation narrator real events oral history social memory public archive slow paced review with real interviews but also hints of comedy,images/train_documentary_075.png,documentary
cartoon animation fantasy family magical adventure playful kingdom characters friendship color family review with colorful fantasy scenes,images/train_animation_061.png,animation
documentary interview social history archive true story testimony director report society culture real footage slow paced review with real interviews but also hints of humor,images/train_documentary_015.png,documentary
comedy funny absurd joke friendship awkward cheerful hilarious playful laugh romance lighthearted fun review with bright scenes and jokes,images/train_comedy_033.png,comedy
animated family colorful world children adventure hero music creature bright imagination family review with colorful fantasy scenes,images/train_animation_104.png,animation
nonfiction report documentary investigation narrator real events oral history social memory public archive slow paced review with real interviews,images/train_documentary_019.png,documentary
psychological horror eerie threat haunted corridor blood suspense fear shadow monster silence review with tense scenes and dark mood,images/train_horror_071.png,horror
psychological horror eerie threat haunted corridor blood suspense fear shadow monster silence review with tense scenes and dark mood,images/train_horror_080.png,horror
documentary interview social history archive true story testimony director report society culture real footage slow paced review with real interviews,images/train_documentary_056.png,documentary
terrifying horror night creature cursed house scream panic dread violent red darkness review with tense scenes and dark mood,images/train_horror_109.png,horror
witty comedy laugh prank friendship romance silly colorful good vibes amusing scenes fun review with bright scenes and jokes but also hints of horror,images/train_comedy_091.png,comedy
animated family colorful world children adventure hero music creature bright imagination family review with colorful fantasy scenes but also hints of terrifying,images/train_animation_072.png,animation
comedy funny absurd joke friendship awkward cheerful hilarious playful laugh romance lighthearted fun review with bright scenes and jokes,images/train_comedy_102.png,comedy
comedy funny absurd joke friendship awkward cheerful hilarious playful laugh romance lighthearted fun review with bright scenes and jokes,images/train_comedy_117.png,comedy
cartoon animation fantasy family magical adventure playful kingdom characters friendship color family review with colorful fantasy scenes,images/train_animation_048.png,animation
documentary interview social history archive true story testimony director report society culture real footage slow paced review with real interviews,images/train_documentary_025.png,documentary
cartoon animation fantasy family magical adventure playful kingdom characters friendship color family review with colorful fantasy scenes,images/train_animation_059.png,animation
comedy funny absurd joke friendship awkward cheerful hilarious playful laugh romance lighthearted fun review with bright scenes and jokes,images/train_comedy_012.png,comedy
comedy funny absurd joke friendship awkward cheerful hilarious playful laugh romance lighthearted fun review with bright scenes and jokes,images/train_comedy_108.png,comedy
animated family colorful world children adventure hero music creature bright imagination family review with colorful fantasy scenes,images/train_animation_113.png,animation
documentary interview social history archive true story testimony director report society culture real footage slow paced review with real interviews,images/train_documentary_042.png,documentary
cartoon animation fantasy family magical adventure playful kingdom characters friendship color family review with colorful fantasy scenes,images/train_animation_000.png,animation
cartoon animation fantasy family magical adventure playful kingdom characters friendship color family review with colorful fantasy scenes,images/train_animation_046.png,animation
witty comedy laugh prank friendship romance silly colorful good vibes amusing scenes fun review with bright scenes and jokes,images/train_comedy_020.png,comedy
animated family colorful world children adventure hero music creature bright imagination family review with colorful fantasy scenes,images/train_animation_097.png,animation
humor comic family fun joke awkward situation bright energy smile entertaining crowd pleasing fun review with bright scenes and jokes but also hints of historical,images/train_comedy_089.png,comedy
humor comic family fun joke awkward situation bright energy smile entertaining crowd pleasing fun review with bright scenes and jokes,images/train_comedy_072.png,comedy
animated family colorful world children adventure hero music creature bright imagination family review with colorful fantasy scenes,images/train_animation_088.png,animation
documentary interview social history archive true story testimony director report society culture real footage slow paced review with real interviews,images/train_documentary_022.png,documentary
cartoon animation fantasy family magical adventure playful kingdom characters friendship color family review with colorful fantasy scenes but also hints of documentary,images/train_animation_062.png,animation
nonfiction report documentary investigation narrator real events oral history social memory public archive slow paced review with real interviews,images/train_documentary_046.png,documentary
humor comic family fun joke awkward situation bright energy smile entertaining crowd pleasing fun review with bright scenes and jokes but also hints of cartoon,images/train_comedy_006.png,comedy
animated family colorful world children adventure hero music creature bright imagination family review with colorful fantasy scenes,images/train_animation_040.png,animation
humor comic family fun joke awkward situation bright energy smile entertaining crowd pleasing fun review with bright scenes and jokes but also hints of psychological,images/train_comedy_011.png,comedy
animated family colorful world children adventure hero music creature bright imagination family review with colorful fantasy scenes,images/train_animation_060.png,animation
animated family colorful world children adventure hero music creature bright imagination family review with colorful fantasy scenes,images/train_animation_110.png,animation
nonfiction report documentary investigation narrator real events oral history social memory public archive slow paced review with real interviews but also hints of psychological,images/train_documentary_057.png,documentary
witty comedy laugh prank friendship romance silly colorful good vibes amusing scenes fun review with bright scenes and jokes,images/train_comedy_056.png,comedy
terrifying horror night creature cursed house scream panic dread violent red darkness review with tense scenes and dark mood,images/train_horror_050.png,horror
animation family adventure colorful magical hero animal kingdom fantasy playful journey friendship family review with colorful fantasy scenes,images/train_animation_042.png,animation
historical documentary archive interview public issue real people testimony social context education cinema slow paced review with real interviews,images/train_documentary_024.png,documentary
documentary interview social history archive true story testimony director report society culture real footage slow paced review with real interviews,images/train_documentary_017.png,documentary
nonfiction report documentary investigation narrator real events oral history social memory public archive slow paced review with real interviews but also hints of terrifying,images/train_documentary_066.png,documentary
cartoon animation fantasy family magical adventure playful kingdom characters friendship color family review with colorful fantasy scenes,images/train_animation_036.png,animation
documentary interview social history archive true story testimony director report society culture real footage slow paced review with real interviews,images/train_documentary_086.png,documentary
documentary interview social history archive true story testimony director report society culture real footage slow paced review with real interviews,images/train_documentary_031.png,documentary
nonfiction report documentary investigation narrator real events oral history social memory public archive slow paced review with real interviews but also hints of comedy,images/train_documentary_084.png,documentary
witty comedy laugh prank friendship romance silly colorful good vibes amusing scenes fun review with bright scenes and jokes,images/train_comedy_004.png,comedy
terrifying horror night creature cursed house scream panic dread violent red darkness review with tense scenes and dark mood,images/train_horror_091.png,horror
animated family colorful world children adventure hero music creature bright imagination family review with colorful fantasy scenes,images/train_animation_092.png,animation
animation family adventure colorful magical hero animal kingdom fantasy playful journey friendship family review with colorful fantasy scenes but also hints of historical,images/train_animation_094.png,animation
nonfiction report documentary investigation narrator real events oral history social memory public archive slow paced review with real interviews,images/train_documentary_094.png,documentary
terrifying horror night creature cursed house scream panic dread violent red darkness review with tense scenes and dark mood,images/train_horror_095.png,horror
witty comedy laugh prank friendship romance silly colorful good vibes amusing scenes fun review with bright scenes and jokes,images/train_comedy_061.png,comedy
documentary interview social history archive true story testimony director report society culture real footage slow paced review with real interviews,images/train_documentary_023.png,documentary
comedy funny absurd joke friendship awkward cheerful hilarious playful laugh romance lighthearted fun review with bright scenes and jokes,images/train_comedy_084.png,comedy
terrifying horror night creature cursed house scream panic dread violent red darkness review with tense scenes and dark mood,images/train_horror_008.png,horror
cartoon animation fantasy family magical adventure playful kingdom characters friendship color family review with colorful fantasy scenes,images/train_animation_041.png,animation
documentary interview social history archive true story testimony director report society culture real footage slow paced review with real interviews,images/train_documentary_005.png,documentary
nonfiction report documentary investigation narrator real events oral history social memory public archive slow paced review with real interviews,images/train_documentary_116.png,documentary
historical documentary archive interview public issue real people testimony social context education cinema slow paced review with real interviews,images/train_documentary_045.png,documentary
documentary interview social history archive true story testimony director report society culture real footage slow paced review with real interviews,images/train_documentary_016.png,documentary
cartoon animation fantasy family magical adventure playful kingdom characters friendship color family review with colorful fantasy scenes but also hints of horror,images/train_animation_091.png,animation
animation family adventure colorful magical hero animal kingdom fantasy playful journey friendship family review with colorful fantasy scenes,images/train_animation_011.png,animation
historical documentary archive interview public issue real people testimony social context education cinema slow paced review with real interviews,images/train_documentary_003.png,documentary
cartoon animation fantasy family magical adventure playful kingdom characters friendship color family review with colorful fantasy scenes but also hints of documentary,images/train_animation_077.png,animation
nonfiction report documentary investigation narrator real events oral history social memory public archive slow paced review with real interviews,images/train_documentary_060.png,documentary
historical documentary archive interview public issue real people testimony social context education cinema slow paced review with real interviews,images/train_documentary_110.png,documentary
terrifying horror night creature cursed house scream panic dread violent red darkness review with tense scenes and dark mood but also hints of documentary,images/train_horror_067.png,horror
horror dark fear nightmare haunted blood shadow scream sinister mystery suspense survival terror review with tense scenes and dark mood,images/train_horror_010.png,horror
documentary interview social history archive true story testimony director report society culture real footage slow paced review with real interviews,images/train_documentary_029.png,documentary
horror dark fear nightmare haunted blood shadow scream sinister mystery suspense survival terror review with tense scenes and dark mood,images/train_horror_072.png,horror
witty comedy laugh prank friendship romance silly colorful good vibes amusing scenes fun review with bright scenes and jokes,images/train_comedy_062.png,comedy
historical documentary archive interview public issue real people testimony social context education cinema slow paced review with real interviews,images/train_documentary_026.png,documentary
nonfiction report documentary investigation narrator real events oral history social memory public archive slow paced review with real interviews but also hints of animated,images/train_documentary_007.png,documentary
animated family colorful world children adventure hero music creature bright imagination family review with colorful fantasy scenes,images/train_animation_076.png,animation
documentary interview social history archive true story testimony director report society culture real footage slow paced review with real interviews,images/train_documentary_108.png,documentary
documentary interview social history archive true story testimony director report society culture real footage slow paced review with real interviews,images/train_documentary_037.png,documentary
witty comedy laugh prank friendship romance silly colorful good vibes amusing scenes fun review with bright scenes and jokes,images/train_comedy_037.png,comedy
animation family adventure colorful magical hero animal kingdom fantasy playful journey friendship family review with colorful fantasy scenes but also hints of comedy,images/train_animation_087.png,animation
nonfiction report documentary investigation narrator real events oral history social memory public archive slow paced review with real interviews,images/train_documentary_118.png,documentary
nonfiction report documentary investigation narrator real events oral history social memory public archive slow paced review with real interviews,images/train_documentary_114.png,documentary
horror dark fear nightmare haunted blood shadow scream sinister mystery suspense survival terror review with tense scenes and dark mood,images/train_horror_025.png,horror
cartoon animation fantasy family magical adventure playful kingdom characters friendship color family review with colorful fantasy scenes,images/train_animation_066.png,animation
witty comedy laugh prank friendship romance silly colorful good vibes amusing scenes fun review with bright scenes and jokes,images/train_comedy_024.png,comedy
terrifying horror night creature cursed house scream panic dread violent red darkness review with tense scenes and dark mood,images/train_horror_116.png,horror
animation family adventure colorful magical hero animal kingdom fantasy playful journey friendship family review with colorful fantasy scenes,images/train_animation_022.png,animation
horror dark fear nightmare haunted blood shadow scream sinister mystery suspense survival terror review with tense scenes and dark mood but also hints of animated,images/train_horror_044.png,horror
terrifying horror night creature cursed house scream panic dread violent red darkness review with tense scenes and dark mood,images/train_horror_015.png,horror
comedy funny absurd joke friendship awkward cheerful hilarious playful laugh romance lighthearted fun review with bright scenes and jokes,images/train_comedy_079.png,comedy
cartoon animation fantasy family magical adventure playful kingdom characters friendship color family review with colorful fantasy scenes but also hints of terrifying,images/train_animation_068.png,animation
humor comic family fun joke awkward situation bright energy smile entertaining crowd pleasing fun review with bright scenes and jokes but also hints of horror,images/train_comedy_021.png,comedy
terrifying horror night creature cursed house scream panic dread violent red darkness review with tense scenes and dark mood,images/train_horror_112.png,horror
documentary interview social history archive true story testimony director report society culture real footage slow paced review with real interviews,images/train_documentary_067.png,documentary
comedy funny absurd joke friendship awkward cheerful hilarious playful laugh romance lighthearted fun review with bright scenes and jokes,images/train_comedy_073.png,comedy
witty comedy laugh prank friendship romance silly colorful good vibes amusing scenes fun review with bright scenes and jokes,images/train_comedy_048.png,comedy
animated family colorful world children adventure hero music creature bright imagination family review with colorful fantasy scenes,images/train_animation_002.png,animation
comedy funny absurd joke friendship awkward cheerful hilarious playful laugh romance lighthearted fun review with bright scenes and jokes but also hints of psychological,images/train_comedy_075.png,comedy
comedy funny absurd joke friendship awkward cheerful hilarious playful laugh romance lighthearted fun review with bright scenes and jokes but also hints of horror,images/train_comedy_107.png,comedy
historical documentary archive interview public issue real people testimony social context education cinema slow paced review with real interviews but also hints of terrifying,images/train_documentary_109.png,documentary
humor comic family fun joke awkward situation bright energy smile entertaining crowd pleasing fun review with bright scenes and jokes,images/train_comedy_109.png,comedy
humor comic family fun joke awkward situation bright energy smile entertaining crowd pleasing fun review with bright scenes and jokes,images/train_comedy_025.png,comedy
horror dark fear nightmare haunted blood shadow scream sinister mystery suspense survival terror review with tense scenes and dark mood,images/train_horror_004.png,horror
humor comic family fun joke awkward situation bright energy smile entertaining crowd pleasing fun review with bright scenes and jokes,images/train_comedy_032.png,comedy
animated family colorful world children adventure hero music creature bright imagination family review with colorful fantasy scenes but also hints of documentary,images/train_animation_035.png,animation
animation family adventure colorful magical hero animal kingdom fantasy playful journey friendship family review with colorful fantasy scenes,images/train_animation_026.png,animation
documentary interview social history archive true story testimony director report society culture real footage slow paced review with real interviews,images/train_documentary_083.png,documentary
cartoon animation fantasy family magical adventure playful kingdom characters friendship color family review with colorful fantasy scenes,images/train_animation_008.png,animation
comedy funny absurd joke friendship awkward cheerful hilarious playful laugh romance lighthearted fun review with bright scenes and jokes,images/train_comedy_045.png,comedy
horror dark fear nightmare haunted blood shadow scream sinister mystery suspense survival terror review with tense scenes and dark mood,images/train_horror_089.png,horror
humor comic family fun joke awkward situation bright energy smile entertaining crowd pleasing fun review with bright scenes and jokes,images/train_comedy_090.png,comedy
historical documentary archive interview public issue real people testimony social context education cinema slow paced review with real interviews,images/train_documentary_074.png,documentary
psychological horror eerie threat haunted corridor blood suspense fear shadow monster silence review with tense scenes and dark mood,images/train_horror_057.png,horror
animation family adventure colorful magical hero animal kingdom fantasy playful journey friendship family review with colorful fantasy scenes,images/train_animation_050.png,animation
comedy funny absurd joke friendship awkward cheerful hilarious playful laugh romance lighthearted fun review with bright scenes and jokes,images/train_comedy_111.png,comedy
historical documentary archive interview public issue real people testimony social context education cinema slow paced review with real interviews,images/train_documentary_119.png,documentary
horror dark fear nightmare haunted blood shadow scream sinister mystery suspense survival terror review with tense scenes and dark mood,images/train_horror_031.png,horror
cartoon animation fantasy family magical adventure playful kingdom characters friendship color family review with colorful fantasy scenes,images/train_animation_001.png,animation
cartoon animation fantasy family magical adventure playful kingdom characters friendship color family review with colorful fantasy scenes but also hints of nonfiction,images/train_animation_085.png,animation
psychological horror eerie threat haunted corridor blood suspense fear shadow monster silence review with tense scenes and dark mood,images/train_horror_101.png,horror
psychological horror eerie threat haunted corridor blood suspense fear shadow monster silence review with tense scenes and dark mood but also hints of documentary,images/train_horror_005.png,horror
terrifying horror night creature cursed house scream panic dread violent red darkness review with tense scenes and dark mood,images/train_horror_084.png,horror
animation family adventure colorful magical hero animal kingdom fantasy playful journey friendship family review with colorful fantasy scenes,images/train_animation_010.png,animation
cartoon animation fantasy family magical adventure playful kingdom characters friendship color family review with colorful fantasy scenes but also hints of witty,images/train_animation_009.png,animation
animation family adventure colorful magical hero animal kingdom fantasy playful journey friendship family review with colorful fantasy scenes,images/train_animation_052.png,animation
documentary interview social history archive true story testimony director report society culture real footage slow paced review with real interviews,images/train_documentary_036.png,documentary
comedy funny absurd joke friendship awkward cheerful hilarious playful laugh romance lighthearted fun review with bright scenes and jokes but also hints of horror,images/train_comedy_076.png,comedy
humor comic family fun joke awkward situation bright energy smile entertaining crowd pleasing fun review with bright scenes and jokes,images/train_comedy_019.png,comedy
psychological horror eerie threat haunted corridor blood suspense fear shadow monster silence review with tense scenes and dark mood,images/train_horror_111.png,horror
witty comedy laugh prank friendship romance silly colorful good vibes amusing scenes fun review with bright scenes and jokes,images/train_comedy_105.png,comedy
psychological horror eerie threat haunted corridor blood suspense fear shadow monster silence review with tense scenes and dark mood,images/train_horror_034.png,horror
horror dark fear nightmare haunted blood shadow scream sinister mystery suspense survival terror review with tense scenes and dark mood,images/train_horror_035.png,horror
historical documentary archive interview public issue real people testimony social context education cinema slow paced review with real interviews,images/train_documentary_059.png,documentary
historical documentary archive interview public issue real people testimony social context education cinema slow paced review with real interviews,images/train_documentary_111.png,documentary
humor comic family fun joke awkward situation bright energy smile entertaining crowd pleasing fun review with bright scenes and jokes,images/train_comedy_118.png,comedy
animated family colorful world children adventure hero music creature bright imagination family review with colorful fantasy scenes but also hints of psychological,images/train_animation_018.png,animation
documentary interview social history archive true story testimony director report society culture real footage slow paced review with real interviews but also hints of cartoon,images/train_documentary_006.png,documentary
psychological horror eerie threat haunted corridor blood suspense fear shadow monster silence review with tense scenes and dark mood but also hints of humor,images/train_horror_107.png,horror
psychological horror eerie threat haunted corridor blood suspense fear shadow monster silence review with tense scenes and dark mood,images/train_horror_093.png,horror
comedy funny absurd joke friendship awkward cheerful hilarious playful laugh romance lighthearted fun review with bright scenes and jokes,images/train_comedy_038.png,comedy
witty comedy laugh prank friendship romance silly colorful good vibes amusing scenes fun review with bright scenes and jokes,images/train_comedy_030.png,comedy
humor comic family fun joke awkward situation bright energy smile entertaining crowd pleasing fun review with bright scenes and jokes,images/train_comedy_057.png,comedy
animated family colorful world children adventure hero music creature bright imagination family review with colorful fantasy scenes,images/train_animation_019.png,animation
witty comedy laugh prank friendship romance silly colorful good vibes amusing scenes fun review with bright scenes and jokes,images/train_comedy_064.png,comedy
psychological horror eerie threat haunted corridor blood suspense fear shadow monster silence review with tense scenes and dark mood,images/train_horror_032.png,horror
nonfiction report documentary investigation narrator real events oral history social memory public archive slow paced review with real interviews,images/train_documentary_010.png,documentary
animation family adventure colorful magical hero animal kingdom fantasy playful journey friendship family review with colorful fantasy scenes,images/train_animation_007.png,animation
historical documentary archive interview public issue real people testimony social context education cinema slow paced review with real interviews,images/train_documentary_103.png,documentary
historical documentary archive interview public issue real people testimony social context education cinema slow paced review with real interviews but also hints of terrifying,images/train_documentary_081.png,documentary
nonfiction report documentary investigation narrator real events oral history social memory public archive slow paced review with real interviews,images/train_documentary_038.png,documentary
cartoon animation fantasy family magical adventure playful kingdom characters friendship color family review with colorful fantasy scenes,images/train_animation_032.png,animation
humor comic family fun joke awkward situation bright energy smile entertaining crowd pleasing fun review with bright scenes and jokes,images/train_comedy_047.png,comedy
animation family adventure colorful magical hero animal kingdom fantasy playful journey friendship family review with colorful fantasy scenes,images/train_animation_089.png,animation
terrifying horror night creature cursed house scream panic dread violent red darkness review with tense scenes and dark mood but also hints of cartoon,images/train_horror_059.png,horror
comedy funny absurd joke friendship awkward cheerful hilarious playful laugh romance lighthearted fun review with bright scenes and jokes,images/train_comedy_078.png,comedy
psychological horror eerie threat haunted corridor blood suspense fear shadow monster silence review with tense scenes and dark mood but also hints of comedy,images/train_horror_046.png,horror
psychological horror eerie threat haunted corridor blood suspense fear shadow monster silence review with tense scenes and dark mood but also hints of comedy,images/train_horror_076.png,horror
animation family adventure colorful magical hero animal kingdom fantasy playful journey friendship family review with colorful fantasy scenes,images/train_animation_086.png,animation
humor comic family fun joke awkward situation bright energy smile entertaining crowd pleasing fun review with bright scenes and jokes,images/train_comedy_074.png,comedy
documentary interview social history archive true story testimony director report society culture real footage slow paced review with real interviews,images/train_documentary_089.png,documentary
witty comedy laugh prank friendship romance silly colorful good vibes amusing scenes fun review with bright scenes and jokes but also hints of documentary,images/train_comedy_026.png,comedy
comedy funny absurd joke friendship awkward cheerful hilarious playful laugh romance lighthearted fun review with bright scenes and jokes,images/train_comedy_043.png,comedy
psychological horror eerie threat haunted corridor blood suspense fear shadow monster silence review with tense scenes and dark mood but also hints of documentary,images/train_horror_007.png,horror
witty comedy laugh prank friendship romance silly colorful good vibes amusing scenes fun review with bright scenes and jokes,images/train_comedy_027.png,comedy
historical documentary archive interview public issue real people testimony social context education cinema slow paced review with real interviews but also hints of terrifying,images/train_documentary_002.png,documentary
historical documentary archive interview public issue real people testimony social context education cinema slow paced review with real interviews,images/train_documentary_092.png,documentary
animation family adventure colorful magical hero animal kingdom fantasy playful journey friendship family review with colorful fantasy scenes,images/train_animation_056.png,animation
documentary interview social history archive true story testimony director report society culture real footage slow paced review with real interviews,images/train_documentary_069.png,documentary
animation family adventure colorful magical hero animal kingdom fantasy playful journey friendship family review with colorful fantasy scenes but also hints of nonfiction,images/train_animation_090.png,animation
humor comic family fun joke awkward situation bright energy smile entertaining crowd pleasing fun review with bright scenes and jokes,images/train_comedy_003.png,comedy
psychological horror eerie threat haunted corridor blood suspense fear shadow monster silence review with tense scenes and dark mood,images/train_horror_115.png,horror
documentary interview social history archive true story testimony director report society culture real footage slow paced review with real interviews,images/train_documentary_096.png,documentary
comedy funny absurd joke friendship awkward cheerful hilarious playful laugh romance lighthearted fun review with bright scenes and jokes,images/train_comedy_023.png,comedy
witty comedy laugh prank friendship romance silly colorful good vibes amusing scenes fun review with bright scenes and jokes,images/train_comedy_119.png,comedy
animation family adventure colorful magical hero animal kingdom fantasy playful journey friendship family review with colorful fantasy scenes,images/train_animation_004.png,animation
cartoon animation fantasy family magical adventure playful kingdom characters friendship color family review with colorful fantasy scenes but also hints of horror,images/train_animation_058.png,animation
psychological horror eerie threat haunted corridor blood suspense fear shadow monster silence review with tense scenes and dark mood,images/train_horror_022.png,horror
nonfiction report documentary investigation narrator real events oral history social memory public archive slow paced review with real interviews,images/train_documentary_097.png,documentary
animation family adventure colorful magical hero animal kingdom fantasy playful journey friendship family review with colorful fantasy scenes but also hints of humor,images/train_animation_023.png,animation
witty comedy laugh prank friendship romance silly colorful good vibes amusing scenes fun review with bright scenes and jokes but also hints of cartoon,images/train_comedy_002.png,comedy
humor comic family fun joke awkward situation bright energy smile entertaining crowd pleasing fun review with bright scenes and jokes,images/train_comedy_063.png,comedy
witty comedy laugh prank friendship romance silly colorful good vibes amusing scenes fun review with bright scenes and jokes but also hints of animation,images/train_comedy_082.png,comedy
horror dark fear nightmare haunted blood shadow scream sinister mystery suspense survival terror review with tense scenes and dark mood,images/train_horror_006.png,horror
psychological horror eerie threat haunted corridor blood suspense fear shadow monster silence review with tense scenes and dark mood,images/train_horror_054.png,horror
psychological horror eerie threat haunted corridor blood suspense fear shadow monster silence review with tense scenes and dark mood,images/train_horror_047.png,horror
psychological horror eerie threat haunted corridor blood suspense fear shadow monster silence review with tense scenes and dark mood,images/train_horror_098.png,horror
terrifying horror night creature cursed house scream panic dread violent red darkness review with tense scenes and dark mood but also hints of comedy,images/train_horror_049.png,horror
cartoon animation fantasy family magical adventure playful kingdom characters friendship color family review with colorful fantasy scenes,images/train_animation_021.png,animation
animation family adventure colorful magical hero animal kingdom fantasy playful journey friendship family review with colorful fantasy scenes but also hints of historical,images/train_animation_065.png,animation
humor comic family fun joke awkward situation bright energy smile entertaining crowd pleasing fun review with bright scenes and jokes,images/train_comedy_005.png,comedy
psychological horror eerie threat haunted corridor blood suspense fear shadow monster silence review with tense scenes and dark mood,images/train_horror_051.png,horror
witty comedy laugh prank friendship romance silly colorful good vibes amusing scenes fun review with bright scenes and jokes but also hints of horror,images/train_comedy_103.png,comedy
animation family adventure colorful magical hero animal kingdom fantasy playful journey friendship family review with colorful fantasy scenes but also hints of terrifying,images/train_animation_043.png,animation
comedy funny absurd joke friendship awkward cheerful hilarious playful laugh romance lighthearted fun review with bright scenes and jokes but also hints of horror,images/train_comedy_099.png,comedy
witty comedy laugh prank friendship romance silly colorful good vibes amusing scenes fun review with bright scenes and jokes,images/train_comedy_009.png,comedy
animated family colorful world children adventure hero music creature bright imagination family review with colorful fantasy scenes,images/train_animation_045.png,animation
horror dark fear nightmare haunted blood shadow scream sinister mystery suspense survival terror review with tense scenes and dark mood,images/train_horror_038.png,horror
psychological horror eerie threat haunted corridor blood suspense fear shadow monster silence review with tense scenes and dark mood,images/train_horror_077.png,horror
animation family adventure colorful magical hero animal kingdom fantasy playful journey friendship family review with colorful fantasy scenes,images/train_animation_118.png,animation
terrifying horror night creature cursed house scream panic dread violent red darkness review with tense scenes and dark mood,images/train_horror_040.png,horror
terrifying horror night creature cursed house scream panic dread violent red darkness review with tense scenes and dark mood,images/train_horror_102.png,horror
animated family colorful world children adventure hero music creature bright imagination family review with colorful fantasy scenes,images/train_animation_109.png,animation
horror dark fear nightmare haunted blood shadow scream sinister mystery suspense survival terror review with tense scenes and dark mood,images/train_horror_113.png,horror
animation family adventure colorful magical hero animal kingdom fantasy playful journey friendship family review with colorful fantasy scenes,images/train_animation_067.png,animation
nonfiction report documentary investigation narrator real events oral history social memory public archive slow paced review with real interviews,images/train_documentary_112.png,documentary
comedy funny absurd joke friendship awkward cheerful hilarious playful laugh romance lighthearted fun review with bright scenes and jokes,images/train_comedy_059.png,comedy
psychological horror eerie threat haunted corridor blood suspense fear shadow monster silence review with tense scenes and dark mood,images/train_horror_056.png,horror
horror dark fear nightmare haunted blood shadow scream sinister mystery suspense survival terror review with tense scenes and dark mood,images/train_horror_114.png,horror
terrifying horror night creature cursed house scream panic dread violent red darkness review with tense scenes and dark mood but also hints of witty,images/train_horror_078.png,horror
animated family colorful world children adventure hero music creature bright imagination family review with colorful fantasy scenes,images/train_animation_101.png,animation
psychological horror eerie threat haunted corridor blood suspense fear shadow monster silence review with tense scenes and dark mood,images/train_horror_106.png,horror
comedy funny absurd joke friendship awkward cheerful hilarious playful laugh romance lighthearted fun review with bright scenes and jokes,images/train_comedy_113.png,comedy
cartoon animation fantasy family magical adventure playful kingdom characters friendship color family review with colorful fantasy scenes,images/train_animation_013.png,animation
comedy funny absurd joke friendship awkward cheerful hilarious playful laugh romance lighthearted fun review with bright scenes and jokes,images/train_comedy_044.png,comedy
comedy funny absurd joke friendship awkward cheerful hilarious playful laugh romance lighthearted fun review with bright scenes and jokes but also hints of documentary,images/train_comedy_016.png,comedy
comedy funny absurd joke friendship awkward cheerful hilarious playful laugh romance lighthearted fun review with bright scenes and jokes,images/train_comedy_077.png,comedy
psychological horror eerie threat haunted corridor blood suspense fear shadow monster silence review with tense scenes and dark mood,images/train_horror_018.png,horror
comedy funny absurd joke friendship awkward cheerful hilarious playful laugh romance lighthearted fun review with bright scenes and jokes,images/train_comedy_112.png,comedy
nonfiction report documentary investigation narrator real events oral history social memory public archive slow paced review with real interviews but also hints of psychological,images/train_documentary_115.png,documentary
witty comedy laugh prank friendship romance silly colorful good vibes amusing scenes fun review with bright scenes and jokes,images/train_comedy_000.png,comedy
psychological horror eerie threat haunted corridor blood suspense fear shadow monster silence review with tense scenes and dark mood,images/train_horror_096.png,horror
comedy funny absurd joke friendship awkward cheerful hilarious playful laugh romance lighthearted fun review with bright scenes and jokes,images/train_comedy_104.png,comedy
cartoon animation fantasy family magical adventure playful kingdom characters friendship color family review with colorful fantasy scenes,images/train_animation_028.png,animation
terrifying horror night creature cursed house scream panic dread violent red darkness review with tense scenes and dark mood,images/train_horror_085.png,horror
witty comedy laugh prank friendship romance silly colorful good vibes amusing scenes fun review with bright scenes and jokes,images/train_comedy_007.png,comedy
terrifying horror night creature cursed house scream panic dread violent red darkness review with tense scenes and dark mood but also hints of historical,images/train_horror_045.png,horror
animation family adventure colorful magical hero animal kingdom fantasy playful journey friendship family review with colorful fantasy scenes but also hints of horror,images/train_animation_037.png,animation
historical documentary archive interview public issue real people testimony social context education cinema slow paced review with real interviews but also hints of cartoon,images/train_documentary_107.png,documentary
terrifying horror night creature cursed house scream panic dread violent red darkness review with tense scenes and dark mood but also hints of comedy,images/train_horror_117.png,horror
psychological horror eerie threat haunted corridor blood suspense fear shadow monster silence review with tense scenes and dark mood,images/train_horror_074.png,horror
humor comic family fun joke awkward situation bright energy smile entertaining crowd pleasing fun review with bright scenes and jokes,images/train_comedy_013.png,comedy
animated family colorful world children adventure hero music creature bright imagination family review with colorful fantasy scenes but also hints of humor,images/train_animation_033.png,animation
historical documentary archive interview public issue real people testimony social context education cinema slow paced review with real interviews,images/train_documentary_044.png,documentary
cartoon animation fantasy family magical adventure playful kingdom characters friendship color family review with colorful fantasy scenes,images/train_animation_081.png,animation
documentary interview social history archive true story testimony director report society culture real footage slow paced review with real interviews,images/train_documentary_065.png,documentary
psychological horror eerie threat haunted corridor blood suspense fear shadow monster silence review with tense scenes and dark mood,images/train_horror_043.png,horror
documentary interview social history archive true story testimony director report society culture real footage slow paced review with real interviews,images/train_documentary_085.png,documentary
terrifying horror night creature cursed house scream panic dread violent red darkness review with tense scenes and dark mood,images/train_horror_002.png,horror
comedy funny absurd joke friendship awkward cheerful hilarious playful laugh romance lighthearted fun review with bright scenes and jokes but also hints of horror,images/train_comedy_066.png,comedy
humor comic family fun joke awkward situation bright energy smile entertaining crowd pleasing fun review with bright scenes and jokes but also hints of terrifying,images/train_comedy_039.png,comedy
historical documentary archive interview public issue real people testimony social context education cinema slow paced review with real interviews,images/train_documentary_012.png,documentary
documentary interview social history archive true story testimony director report society culture real footage slow paced review with real interviews,images/train_documentary_035.png,documentary
documentary interview social history archive true story testimony director report society culture real footage slow paced review with real interviews,images/train_documentary_028.png,documentary
comedy funny absurd joke friendship awkward cheerful hilarious playful laugh romance lighthearted fun review with bright scenes and jokes but also hints of horror,images/train_comedy_050.png,comedy
witty comedy laugh prank friendship romance silly colorful good vibes amusing scenes fun review with bright scenes and jokes,images/train_comedy_022.png,comedy
animated family colorful world children adventure hero music creature bright imagination family review with colorful fantasy scenes but also hints of horror,images/train_animation_024.png,animation
animation family adventure colorful magical hero animal kingdom fantasy playful journey friendship family review with colorful fantasy scenes but also hints of historical,images/train_animation_107.png,animation
comedy funny absurd joke friendship awkward cheerful hilarious playful laugh romance lighthearted fun review with bright scenes and jokes,images/train_comedy_101.png,comedy
historical documentary archive interview public issue real people testimony social context education cinema slow paced review with real interviews,images/train_documentary_095.png,documentary
historical documentary archive interview public issue real people testimony social context education cinema slow paced review with real interviews,images/train_documentary_051.png,documentary
psychological horror eerie threat haunted corridor blood suspense fear shadow monster silence review with tense scenes and dark mood,images/train_horror_000.png,horror
cartoon animation fantasy family magical adventure playful kingdom characters friendship color family review with colorful fantasy scenes,images/train_animation_047.png,animation
animation family adventure colorful magical hero animal kingdom fantasy playful journey friendship family review with colorful fantasy scenes but also hints of documentary,images/train_animation_005.png,animation
humor comic family fun joke awkward situation bright energy smile entertaining crowd pleasing fun review with bright scenes and jokes,images/train_comedy_058.png,comedy
historical documentary archive interview public issue real people testimony social context education cinema slow paced review with real interviews but also hints of horror,images/train_documentary_041.png,documentary
animation family adventure colorful magical hero animal kingdom fantasy playful journey friendship family review with colorful fantasy scenes,images/train_animation_014.png,animation
humor comic family fun joke awkward situation bright energy smile entertaining crowd pleasing fun review with bright scenes and jokes,images/train_comedy_086.png,comedy
horror dark fear nightmare haunted blood shadow scream sinister mystery suspense survival terror review with tense scenes and dark mood,images/train_horror_042.png,horror
terrifying horror night creature cursed house scream panic dread violent red darkness review with tense scenes and dark mood,images/train_horror_014.png,horror
animation family adventure colorful magical hero animal kingdom fantasy playful journey friendship family review with colorful fantasy scenes,images/train_animation_038.png,animation
nonfiction report documentary investigation narrator real events oral history social memory public archive slow paced review with real interviews but also hints of witty,images/train_documentary_004.png,documentary
psychological horror eerie threat haunted corridor blood suspense fear shadow monster silence review with tense scenes and dark mood,images/train_horror_016.png,horror
animation family adventure colorful magical hero animal kingdom fantasy playful journey friendship family review with colorful fantasy scenes,images/train_animation_071.png,animation
historical documentary archive interview public issue real people testimony social context education cinema slow paced review with real interviews,images/train_documentary_100.png,documentary
comedy funny absurd joke friendship awkward cheerful hilarious playful laugh romance lighthearted fun review with bright scenes and jokes,images/train_comedy_106.png,comedy
animation family adventure colorful magical hero animal kingdom fantasy playful journey friendship family review with colorful fantasy scenes,images/train_animation_051.png,animation
comedy funny absurd joke friendship awkward cheerful hilarious playful laugh romance lighthearted fun review with bright scenes and jokes,images/train_comedy_093.png,comedy
humor comic family fun joke awkward situation bright energy smile entertaining crowd pleasing fun review with bright scenes and jokes,images/train_comedy_051.png,comedy
nonfiction report documentary investigation narrator real events oral history social memory public archive slow paced review with real interviews but also hints of humor,images/train_documentary_098.png,documentary
horror dark fear nightmare haunted blood shadow scream sinister mystery suspense survival terror review with tense scenes and dark mood,images/train_horror_052.png,horror
comedy funny absurd joke friendship awkward cheerful hilarious playful laugh romance lighthearted fun review with bright scenes and jokes,images/train_comedy_095.png,comedy
historical documentary archive interview public issue real people testimony social context education cinema slow paced review with real interviews,images/train_documentary_061.png,documentary
historical documentary archive interview public issue real people testimony social context education cinema slow paced review with real interviews,images/train_documentary_047.png,documentary
nonfiction report documentary investigation narrator real events oral history social memory public archive slow paced review with real interviews but also hints of cartoon,images/train_documentary_032.png,documentary
terrifying horror night creature cursed house scream panic dread violent red darkness review with tense scenes and dark mood but also hints of documentary,images/train_horror_027.png,horror
psychological horror eerie threat haunted corridor blood suspense fear shadow monster silence review with tense scenes and dark mood,images/train_horror_087.png,horror
witty comedy laugh prank friendship romance silly colorful good vibes amusing scenes fun review with bright scenes and jokes,images/train_comedy_080.png,comedy
animation family adventure colorful magical hero animal kingdom fantasy playful journey friendship family review with colorful fantasy scenes,images/train_animation_069.png,animation
documentary interview social history archive true story testimony director report society culture real footage slow paced review with real interviews,images/train_documentary_027.png,documentary
animated family colorful world children adventure hero music creature bright imagination family review with colorful fantasy scenes but also hints of documentary,images/train_animation_016.png,animation
humor comic family fun joke awkward situation bright energy smile entertaining crowd pleasing fun review with bright scenes and jokes,images/train_comedy_110.png,comedy
horror dark fear nightmare haunted blood shadow scream sinister mystery suspense survival terror review with tense scenes and dark mood but also hints of historical,images/train_horror_020.png,horror
horror dark fear nightmare haunted blood shadow scream sinister mystery suspense survival terror review with tense scenes and dark mood,images/train_horror_048.png,horror
witty comedy laugh prank friendship romance silly colorful good vibes amusing scenes fun review with bright scenes and jokes,images/train_comedy_042.png,comedy
cartoon animation fantasy family magical adventure playful kingdom characters friendship color family review with colorful fantasy scenes,images/train_animation_049.png,animation
humor comic family fun joke awkward situation bright energy smile entertaining crowd pleasing fun review with bright scenes and jokes,images/train_comedy_018.png,comedy
historical documentary archive interview public issue real people testimony social context education cinema slow paced review with real interviews,images/train_documentary_062.png,documentary
witty comedy laugh prank friendship romance silly colorful good vibes amusing scenes fun review with bright scenes and jokes but also hints of historical,images/train_comedy_015.png,comedy
witty comedy laugh prank friendship romance silly colorful good vibes amusing scenes fun review with bright scenes and jokes but also hints of horror,images/train_comedy_008.png,comedy
cartoon animation fantasy family magical adventure playful kingdom characters friendship color family review with colorful fantasy scenes but also hints of documentary,images/train_animation_096.png,animation
documentary interview social history archive true story testimony director report society culture real footage slow paced review with real interviews but also hints of animated,images/train_documentary_008.png,documentary
horror dark fear nightmare haunted blood shadow scream sinister mystery suspense survival terror review with tense scenes and dark mood but also hints of documentary,images/train_horror_086.png,horror
animated family colorful world children adventure hero music creature bright imagination family review with colorful fantasy scenes,images/train_animation_084.png,animation
nonfiction report documentary investigation narrator real events oral history social memory public archive slow paced review with real interviews but also hints of humor,images/train_documentary_064.png,documentary
terrifying horror night creature cursed house scream panic dread violent red darkness review with tense scenes and dark mood but also hints of documentary,images/train_horror_060.png,horror
nonfiction report documentary investigation narrator real events oral history social memory public archive slow paced review with real interviews,images/train_documentary_014.png,documentary
comedy funny absurd joke friendship awkward cheerful hilarious playful laugh romance lighthearted fun review with bright scenes and jokes,images/train_comedy_036.png,comedy
nonfiction report documentary investigation narrator real events oral history social memory public archive slow paced review with real interviews,images/train_documentary_040.png,documentary
animation family adventure colorful magical hero animal kingdom fantasy playful journey friendship family review with colorful fantasy scenes but also hints of horror,images/train_animation_080.png,animation
cartoon animation fantasy family magical adventure playful kingdom characters friendship color family review with colorful fantasy scenes,images/train_animation_044.png,animation
humor comic family fun joke awkward situation bright energy smile entertaining crowd pleasing fun review with bright scenes and jokes but also hints of animated,images/train_comedy_096.png,comedy
terrifying horror night creature cursed house scream panic dread violent red darkness review with tense scenes and dark mood,images/train_horror_039.png,horror
cartoon animation fantasy family magical adventure playful kingdom characters friendship color family review with colorful fantasy scenes,images/train_animation_057.png,animation
animated family colorful world children adventure hero music creature bright imagination family review with colorful fantasy scenes,images/train_animation_095.png,animation
terrifying horror night creature cursed house scream panic dread violent red darkness review with tense scenes and dark mood,images/train_horror_097.png,horror
humor comic family fun joke awkward situation bright energy smile entertaining crowd pleasing fun review with bright scenes and jokes,images/train_comedy_116.png,comedy
humor comic family fun joke awkward situation bright energy smile entertaining crowd pleasing fun review with bright scenes and jokes but also hints of animation,images/train_comedy_087.png,comedy
witty comedy laugh prank friendship romance silly colorful good vibes amusing scenes fun review with bright scenes and jokes,images/train_comedy_092.png,comedy
terrifying horror night creature cursed house scream panic dread violent red darkness review with tense scenes and dark mood,images/train_horror_055.png,horror
cartoon animation fantasy family magical adventure playful kingdom characters friendship color family review with colorful fantasy scenes,images/train_animation_078.png,animation
terrifying horror night creature cursed house scream panic dread violent red darkness review with tense scenes and dark mood,images/train_horror_011.png,horror
animation family adventure colorful magical hero animal kingdom fantasy playful journey friendship family review with colorful fantasy scenes but also hints of comedy,images/train_animation_108.png,animation
animation family adventure colorful magical hero animal kingdom fantasy playful journey friendship family review with colorful fantasy scenes,images/train_animation_079.png,animation
horror dark fear nightmare haunted blood shadow scream sinister mystery suspense survival terror review with tense scenes and dark mood but also hints of cartoon,images/train_horror_063.png,horror
terrifying horror night creature cursed house scream panic dread violent red darkness review with tense scenes and dark mood,images/train_horror_110.png,horror
terrifying horror night creature cursed house scream panic dread violent red darkness review with tense scenes and dark mood,images/train_horror_029.png,horror
humor comic family fun joke awkward situation bright energy smile entertaining crowd pleasing fun review with bright scenes and jokes,images/train_comedy_081.png,comedy
witty comedy laugh prank friendship romance silly colorful good vibes amusing scenes fun review with bright scenes and jokes but also hints of historical,images/train_comedy_041.png,comedy
nonfiction report documentary investigation narrator real events oral history social memory public archive slow paced review with real interviews,images/train_documentary_043.png,documentary
humor comic family fun joke awkward situation bright energy smile entertaining crowd pleasing fun review with bright scenes and jokes,images/train_comedy_097.png,comedy
witty comedy laugh prank friendship romance silly colorful good vibes amusing scenes fun review with bright scenes and jokes,images/train_comedy_070.png,comedy
terrifying horror night creature cursed house scream panic dread violent red darkness review with tense scenes and dark mood,images/train_horror_069.png,horror
terrifying horror night creature cursed house scream panic dread violent red darkness review with tense scenes and dark mood,images/train_horror_019.png,horror
nonfiction report documentary investigation narrator real events oral history social memory public archive slow paced review with real interviews,images/train_documentary_105.png,documentary
nonfiction report documentary investigation narrator real events oral history social memory public archive slow paced review with real interviews but also hints of animated,images/train_documentary_053.png,documentary
cartoon animation fantasy family magical adventure playful kingdom characters friendship color family review with colorful fantasy scenes,images/train_animation_029.png,animation
documentary interview social history archive true story testimony director report society culture real footage slow paced review with real interviews,images/train_documentary_001.png,documentary
animation family adventure colorful magical hero animal kingdom fantasy playful journey friendship family review with colorful fantasy scenes but also hints of comedy,images/train_animation_064.png,animation
animation family adventure colorful magical hero animal kingdom fantasy playful journey friendship family review with colorful fantasy scenes,images/train_animation_102.png,animation
nonfiction report documentary investigation narrator real events oral history social memory public archive slow paced review with real interviews but also hints of witty,images/train_documentary_049.png,documentary
documentary interview social history archive true story testimony director report society culture real footage slow paced review with real interviews,images/train_documentary_080.png,documentary
humor comic family fun joke awkward situation bright energy smile entertaining crowd pleasing fun review with bright scenes and jokes,images/train_comedy_085.png,comedy
nonfiction report documentary investigation narrator real events oral history social memory public archive slow paced review with real interviews but also hints of psychological,images/train_documentary_034.png,documentary
psychological horror eerie threat haunted corridor blood suspense fear shadow monster silence review with tense scenes and dark mood,images/train_horror_023.png,horror
cartoon animation fantasy family magical adventure playful kingdom characters friendship color family review with colorful fantasy scenes,images/train_animation_006.png,animation
historical documentary archive interview public issue real people testimony social context education cinema slow paced review with real interviews,images/train_documentary_091.png,documentary
psychological horror eerie threat haunted corridor blood suspense fear shadow monster silence review with tense scenes and dark mood,images/train_horror_099.png,horror
animation family adventure colorful magical hero animal kingdom fantasy playful journey friendship family review with colorful fantasy scenes but also hints of witty,images/train_animation_093.png,animation
documentary interview social history archive true story testimony director report society culture real footage slow paced review with real interviews,images/train_documentary_052.png,documentary
psychological horror eerie threat haunted corridor blood suspense fear shadow monster silence review with tense scenes and dark mood,images/train_horror_105.png,horror
terrifying horror night creature cursed house scream panic dread violent red darkness review with tense scenes and dark mood,images/train_horror_024.png,horror
psychological horror eerie threat haunted corridor blood suspense fear shadow monster silence review with tense scenes and dark mood,images/train_horror_001.png,horror
documentary interview social history archive true story testimony director report society culture real footage slow paced review with real interviews,images/train_documentary_013.png,documentary
terrifying horror night creature cursed house scream panic dread violent red darkness review with tense scenes and dark mood,images/train_horror_075.png,horror
historical documentary archive interview public issue real people testimony social context education cinema slow paced review with real interviews but also hints of witty,images/train_documentary_088.png,documentary
animation family adventure colorful magical hero animal kingdom fantasy playful journey friendship family review with colorful fantasy scenes but also hints of documentary,images/train_animation_027.png,animation
horror dark fear nightmare haunted blood shadow scream sinister mystery suspense survival terror review with tense scenes and dark mood,images/train_horror_033.png,horror
humor comic family fun joke awkward situation bright energy smile entertaining crowd pleasing fun review with bright scenes and jokes,images/train_comedy_046.png,comedy
psychological horror eerie threat haunted corridor blood suspense fear shadow monster silence review with tense scenes and dark mood,images/train_horror_088.png,horror
animated family colorful world children adventure hero music creature bright imagination family review with colorful fantasy scenes,images/train_animation_112.png,animation
comedy funny absurd joke friendship awkward cheerful hilarious playful laugh romance lighthearted fun review with bright scenes and jokes but also hints of terrifying,images/train_comedy_014.png,comedy
terrifying horror night creature cursed house scream panic dread violent red darkness review with tense scenes and dark mood,images/train_horror_066.png,horror
animated family colorful world children adventure hero music creature bright imagination family review with colorful fantasy scenes,images/train_animation_100.png,animation
horror dark fear nightmare haunted blood shadow scream sinister mystery suspense survival terror review with tense scenes and dark mood,images/train_horror_079.png,horror
psychological horror eerie threat haunted corridor blood suspense fear shadow monster silence review with tense scenes and dark mood,images/train_horror_003.png,horror
documentary interview social history archive true story testimony director report society culture real footage slow paced review with real interviews,images/train_documentary_054.png,documentary
cartoon animation fantasy family magical adventure playful kingdom characters friendship color family review with colorful fantasy scenes,images/train_animation_003.png,animation
documentary interview social history archive true story testimony director report society culture real footage slow paced review with real interviews,images/train_documentary_050.png,documentary
witty comedy laugh prank friendship romance silly colorful good vibes amusing scenes fun review with bright scenes and jokes,images/train_comedy_054.png,comedy
comedy funny absurd joke friendship awkward cheerful hilarious playful laugh romance lighthearted fun review with bright scenes and jokes,images/train_comedy_069.png,comedy
animated family colorful world children adventure hero music creature bright imagination family review with colorful fantasy scenes,images/train_animation_116.png,animation
humor comic family fun joke awkward situation bright energy smile entertaining crowd pleasing fun review with bright scenes and jokes but also hints of terrifying,images/train_comedy_067.png,comedy
witty comedy laugh prank friendship romance silly colorful good vibes amusing scenes fun review with bright scenes and jokes,images/train_comedy_049.png,comedy
nonfiction report documentary investigation narrator real events oral history social memory public archive slow paced review with real interviews but also hints of witty,images/train_documentary_058.png,documentary
historical documentary archive interview public issue real people testimony social context education cinema slow paced review with real interviews but also hints of psychological,images/train_documentary_048.png,documentary
psychological horror eerie threat haunted corridor blood suspense fear shadow monster silence review with tense scenes and dark mood,images/train_horror_104.png,horror
witty comedy laugh prank friendship romance silly colorful good vibes amusing scenes fun review with bright scenes and jokes but also hints of terrifying,images/train_comedy_115.png,comedy
terrifying horror night creature cursed house scream panic dread violent red darkness review with tense scenes and dark mood,images/train_horror_012.png,horror
nonfiction report documentary investigation narrator real events oral history social memory public archive slow paced review with real interviews,images/train_documentary_021.png,documentary
terrifying horror night creature cursed house scream panic dread violent red darkness review with tense scenes and dark mood but also hints of witty,images/train_horror_073.png,horror
comedy funny absurd joke friendship awkward cheerful hilarious playful laugh romance lighthearted fun review with bright scenes and jokes,images/train_comedy_040.png,comedy
horror dark fear nightmare haunted blood shadow scream sinister mystery suspense survival terror review with tense scenes and dark mood but also hints of nonfiction,images/train_horror_036.png,horror
animation family adventure colorful magical hero animal kingdom fantasy playful journey friendship family review with colorful fantasy scenes but also hints of documentary,images/train_animation_083.png,animation
witty comedy laugh prank friendship romance silly colorful good vibes amusing scenes fun review with bright scenes and jokes,images/train_comedy_071.png,comedy
cartoon animation fantasy family magical adventure playful kingdom characters friendship color family review with colorful fantasy scenes,images/train_animation_025.png,animation
psychological horror eerie threat haunted corridor blood suspense fear shadow monster silence review with tense scenes and dark mood but also hints of cartoon,images/train_horror_053.png,horror
animated family colorful world children adventure hero music creature bright imagination family review with colorful fantasy scenes,images/train_animation_053.png,animation
terrifying horror night creature cursed house scream panic dread violent red darkness review with tense scenes and dark mood,images/train_horror_103.png,horror
horror dark fear nightmare haunted blood shadow scream sinister mystery suspense survival terror review with tense scenes and dark mood,images/train_horror_017.png,horror
terrifying horror night creature cursed house scream panic dread violent red darkness review with tense scenes and dark mood,images/train_horror_068.png,horror
witty comedy laugh prank friendship romance silly colorful good vibes amusing scenes fun review with bright scenes and jokes,images/train_comedy_029.png,comedy
comedy funny absurd joke friendship awkward cheerful hilarious playful laugh romance lighthearted fun review with bright scenes and jokes,images/train_comedy_010.png,comedy
witty comedy laugh prank friendship romance silly colorful good vibes amusing scenes fun review with bright scenes and jokes but also hints of animation,images/train_comedy_031.png,comedy
psychological horror eerie threat haunted corridor blood suspense fear shadow monster silence review with tense scenes and dark mood but also hints of animated,images/train_horror_119.png,horror
documentary interview social history archive true story testimony director report society culture real footage slow paced review with real interviews,images/train_documentary_099.png,documentary
animated family colorful world children adventure hero music creature bright imagination family review with colorful fantasy scenes,images/train_animation_012.png,animation
nonfiction report documentary investigation narrator real events oral history social memory public archive slow paced review with real interviews,images/train_documentary_087.png,documentary
animated family colorful world children adventure hero music creature bright imagination family review with colorful fantasy scenes,images/train_animation_098.png,animation
horror dark fear nightmare haunted blood shadow scream sinister mystery suspense survival terror review with tense scenes and dark mood,images/train_horror_090.png,horror
humor comic family fun joke awkward situation bright energy smile entertaining crowd pleasing fun review with bright scenes and jokes but also hints of terrifying,images/train_comedy_094.png,comedy
animated family colorful world children adventure hero music creature bright imagination family review with colorful fantasy scenes,images/train_animation_106.png,animation
humor comic family fun joke awkward situation bright energy smile entertaining crowd pleasing fun review with bright scenes and jokes,images/train_comedy_001.png,comedy
cartoon animation fantasy family magical adventure playful kingdom characters friendship color family review with colorful fantasy scenes but also hints of comedy,images/train_animation_119.png,animation
historical documentary archive interview public issue real people testimony social context education cinema slow paced review with real interviews,images/train_documentary_020.png,documentary
comedy funny absurd joke friendship awkward cheerful hilarious playful laugh romance lighthearted fun review with bright scenes and jokes,images/train_comedy_068.png,comedy
nonfiction report documentary investigation narrator real events oral history social memory public archive slow paced review with real interviews,images/train_documentary_071.png,documentary
documentary interview social history archive true story testimony director report society culture real footage slow paced review with real interviews,images/train_documentary_106.png,documentary
horror dark fear nightmare haunted blood shadow scream sinister mystery suspense survival terror review with tense scenes and dark mood but also hints of animation,images/train_horror_030.png,horror
psychological horror eerie threat haunted corridor blood suspense fear shadow monster silence review with tense scenes and dark mood,images/train_horror_108.png,horror
cartoon animation fantasy family magical adventure playful kingdom characters friendship color family review with colorful fantasy scenes but also hints of terrifying,images/train_animation_075.png,animation
documentary interview social history archive true story testimony director report society culture real footage slow paced review with real interviews,images/train_documentary_102.png,documentary
